{
    "board": [
        ["DL", "", "", "TW", "", "", "", "DL", "", "", "", "TW", "", "", "DL"],
        ["", "DW", "", "", "", "TL", "", "", "", "TL", "", "", "", "DW", ""],
        ["", "", "DL", "", "", "", "DL", "", "DL", "", "", "", "DL", "", ""],
        ["TW", "", "", "DW", "", "", "", "DL", "", "", "", "DW", "", "", "TW"],
        ["", "", "", "", "DL", "", "", "", "", "", "DL", "", "", "", ""],
        ["", "TL", "", "", "", "TL", "", "", "", "TL", "", "", "", "TL", ""],
        ["DL", "", "", "", "", "", "DL", "", "DL", "", "", "", "", "", "DL"],
        ["DL", "", "DL", "", "", "", "", "DW", "", "", "", "", "DL", "", "DL"],
        ["DL", "", "", "", "", "", "DL", "", "DL", "", "", "", "", "", "DL"],
        ["", "TL", "", "", "", "TL", "", "", "", "TL", "", "", "", "TL", ""],
        ["", "", "", "", "DL", "", "", "", "", "", "DL", "", "", "", ""],
        ["TW", "", "", "DW", "", "", "", "DL", "", "", "", "DW", "", "", "TW"],
        ["", "", "DL", "", "", "", "DL", "", "DL", "", "", "", "DL", "", ""],
        ["", "DW", "", "", "", "TL", "", "", "", "TL", "", "", "", "DW", ""],
        ["DL", "", "", "TW", "", "", "", "DL", "", "", "", "TW", "", "", "DL"]
    ],
    "premium_squares": {
        "DL": "Double Letter",
        "TW": "Triple Word",
        "DW": "Double Word",
        "TL": "Triple Letter"
    }
}
